State.name,State.abbr,year,total.views.year
Alabama,AL,1965,2
Alabama,AL,1966,2
Alabama,AL,1967,4
Alabama,AL,1968,5
Alabama,AL,1969,3
Alabama,AL,1970,2
Alabama,AL,1971,3
Alabama,AL,1972,6
Alabama,AL,1973,14
Alabama,AL,1974,5
Alabama,AL,1975,6
Alabama,AL,1976,4
Alabama,AL,1977,3
Alabama,AL,1978,6
Alabama,AL,1979,2
Alabama,AL,1980,5
Alabama,AL,1981,1
Alabama,AL,1984,6
Alabama,AL,1985,4
Alabama,AL,1986,1
Alabama,AL,1987,4
Alabama,AL,1988,2
Alabama,AL,1989,1
Alabama,AL,1992,6
Alabama,AL,1993,3
Alabama,AL,1994,9
Alabama,AL,1995,13
Alabama,AL,1996,8
Alabama,AL,1997,11
Alabama,AL,1998,18
Alabama,AL,1999,31
Alabama,AL,2000,21
Alabama,AL,2001,14
Alabama,AL,2002,19
Alabama,AL,2003,42
Alabama,AL,2004,27
Alabama,AL,2005,40
Alabama,AL,2006,39
Alabama,AL,2007,53
Alabama,AL,2008,51
Alabama,AL,2009,35
Alabama,AL,2010,26
Alabama,AL,2011,41
Alabama,AL,2012,68
Alabama,AL,2013,87
Alabama,AL,2014,130
Alabama,AL,2015,65
Alabama,AL,2016,51
Alabama,AL,2017,64
Alabama,AL,2018,29
Alabama,AL,2019,62
Alabama,AL,2020,62
Alabama,AL,2021,14
Alaska,AK,1966,2
Alaska,AK,1967,2
Alaska,AK,1968,3
Alaska,AK,1969,4
Alaska,AK,1972,1
Alaska,AK,1973,1
Alaska,AK,1974,2
Alaska,AK,1975,1
Alaska,AK,1976,5
Alaska,AK,1977,1
Alaska,AK,1978,3
Alaska,AK,1980,1
Alaska,AK,1981,1
Alaska,AK,1982,1
Alaska,AK,1983,1
Alaska,AK,1984,2
Alaska,AK,1985,2
Alaska,AK,1986,5
Alaska,AK,1987,3
Alaska,AK,1988,2
Alaska,AK,1989,2
Alaska,AK,1990,3
Alaska,AK,1993,1
Alaska,AK,1994,2
Alaska,AK,1995,9
Alaska,AK,1996,5
Alaska,AK,1997,5
Alaska,AK,1998,14
Alaska,AK,1999,18
Alaska,AK,2000,13
Alaska,AK,2001,17
Alaska,AK,2002,11
Alaska,AK,2003,14
Alaska,AK,2004,11
Alaska,AK,2005,22
Alaska,AK,2006,14
Alaska,AK,2007,8
Alaska,AK,2008,15
Alaska,AK,2009,17
Alaska,AK,2010,16
Alaska,AK,2011,18
Alaska,AK,2012,48
Alaska,AK,2013,53
Alaska,AK,2014,43
Alaska,AK,2015,39
Alaska,AK,2016,43
Alaska,AK,2017,21
Alaska,AK,2018,25
Alaska,AK,2019,20
Alaska,AK,2020,24
Alaska,AK,2021,4
Arizona,AZ,1966,3
Arizona,AZ,1967,2
Arizona,AZ,1968,5
Arizona,AZ,1969,4
Arizona,AZ,1970,2
Arizona,AZ,1971,2
Arizona,AZ,1972,4
Arizona,AZ,1973,3
Arizona,AZ,1974,3
Arizona,AZ,1975,10
Arizona,AZ,1976,4
Arizona,AZ,1977,4
Arizona,AZ,1978,10
Arizona,AZ,1979,6
Arizona,AZ,1980,6
Arizona,AZ,1981,7
Arizona,AZ,1982,3
Arizona,AZ,1983,7
Arizona,AZ,1984,3
Arizona,AZ,1985,6
Arizona,AZ,1986,7
Arizona,AZ,1987,8
Arizona,AZ,1988,11
Arizona,AZ,1989,13
Arizona,AZ,1990,7
Arizona,AZ,1991,8
Arizona,AZ,1992,4
Arizona,AZ,1993,15
Arizona,AZ,1994,12
Arizona,AZ,1995,44
Arizona,AZ,1996,24
Arizona,AZ,1997,145
Arizona,AZ,1998,70
Arizona,AZ,1999,96
Arizona,AZ,2000,215
Arizona,AZ,2001,115
Arizona,AZ,2002,122
Arizona,AZ,2003,127
Arizona,AZ,2004,200
Arizona,AZ,2005,204
Arizona,AZ,2006,141
Arizona,AZ,2007,142
Arizona,AZ,2008,178
Arizona,AZ,2009,161
Arizona,AZ,2010,123
Arizona,AZ,2011,163
Arizona,AZ,2012,212
Arizona,AZ,2013,235
Arizona,AZ,2014,302
Arizona,AZ,2015,282
Arizona,AZ,2016,238
Arizona,AZ,2017,208
Arizona,AZ,2018,91
Arizona,AZ,2019,229
Arizona,AZ,2020,222
Arizona,AZ,2021,106
Arkansas,AR,1965,3
Arkansas,AR,1966,3
Arkansas,AR,1967,6
Arkansas,AR,1968,4
Arkansas,AR,1969,3
Arkansas,AR,1970,1
Arkansas,AR,1971,1
Arkansas,AR,1973,6
Arkansas,AR,1974,2
Arkansas,AR,1975,1
Arkansas,AR,1976,3
Arkansas,AR,1977,3
Arkansas,AR,1979,3
Arkansas,AR,1980,3
Arkansas,AR,1981,3
Arkansas,AR,1982,3
Arkansas,AR,1983,2
Arkansas,AR,1984,3
Arkansas,AR,1985,5
Arkansas,AR,1986,2
Arkansas,AR,1987,7
Arkansas,AR,1988,4
Arkansas,AR,1989,4
Arkansas,AR,1990,2
Arkansas,AR,1991,4
Arkansas,AR,1992,1
Arkansas,AR,1993,2
Arkansas,AR,1994,5
Arkansas,AR,1995,5
Arkansas,AR,1996,9
Arkansas,AR,1997,11
Arkansas,AR,1998,15
Arkansas,AR,1999,37
Arkansas,AR,2000,41
Arkansas,AR,2001,33
Arkansas,AR,2002,28
Arkansas,AR,2003,58
Arkansas,AR,2004,34
Arkansas,AR,2005,37
Arkansas,AR,2006,31
Arkansas,AR,2007,35
Arkansas,AR,2008,40
Arkansas,AR,2009,28
Arkansas,AR,2010,48
Arkansas,AR,2011,45
Arkansas,AR,2012,58
Arkansas,AR,2013,56
Arkansas,AR,2014,34
Arkansas,AR,2015,43
Arkansas,AR,2016,42
Arkansas,AR,2017,49
Arkansas,AR,2018,40
Arkansas,AR,2019,72
Arkansas,AR,2020,91
Arkansas,AR,2021,34
California,CA,1965,24
California,CA,1966,23
California,CA,1967,27
California,CA,1968,32
California,CA,1969,26
California,CA,1970,22
California,CA,1971,23
California,CA,1972,19
California,CA,1973,18
California,CA,1974,32
California,CA,1975,25
California,CA,1976,36
California,CA,1977,43
California,CA,1978,58
California,CA,1979,42
California,CA,1980,36
California,CA,1981,35
California,CA,1982,34
California,CA,1983,20
California,CA,1984,16
California,CA,1985,29
California,CA,1986,27
California,CA,1987,25
California,CA,1988,30
California,CA,1989,32
California,CA,1990,48
California,CA,1991,30
California,CA,1992,37
California,CA,1993,47
California,CA,1994,72
California,CA,1995,205
California,CA,1996,135
California,CA,1997,152
California,CA,1998,232
California,CA,1999,407
California,CA,2000,439
California,CA,2001,378
California,CA,2002,429
California,CA,2003,598
California,CA,2004,565
California,CA,2005,539
California,CA,2006,562
California,CA,2007,588
California,CA,2008,708
California,CA,2009,646
California,CA,2010,605
California,CA,2011,625
California,CA,2012,760
California,CA,2013,727
California,CA,2014,869
California,CA,2015,812
California,CA,2016,579
California,CA,2017,590
California,CA,2018,328
California,CA,2019,510
California,CA,2020,623
California,CA,2021,274
Colorado,CO,1965,1
Colorado,CO,1966,1
Colorado,CO,1967,3
Colorado,CO,1968,4
Colorado,CO,1969,4
Colorado,CO,1970,3
Colorado,CO,1971,2
Colorado,CO,1972,2
Colorado,CO,1973,3
Colorado,CO,1974,8
Colorado,CO,1975,5
Colorado,CO,1976,9
Colorado,CO,1977,8
Colorado,CO,1978,3
Colorado,CO,1979,3
Colorado,CO,1980,4
Colorado,CO,1981,6
Colorado,CO,1982,4
Colorado,CO,1983,2
Colorado,CO,1985,2
Colorado,CO,1986,4
Colorado,CO,1987,5
Colorado,CO,1988,4
Colorado,CO,1989,7
Colorado,CO,1990,4
Colorado,CO,1991,6
Colorado,CO,1992,4
Colorado,CO,1993,8
Colorado,CO,1994,5
Colorado,CO,1995,25
Colorado,CO,1996,18
Colorado,CO,1997,21
Colorado,CO,1998,64
Colorado,CO,1999,72
Colorado,CO,2000,49
Colorado,CO,2001,100
Colorado,CO,2002,71
Colorado,CO,2003,83
Colorado,CO,2004,100
Colorado,CO,2005,78
Colorado,CO,2006,96
Colorado,CO,2007,90
Colorado,CO,2008,99
Colorado,CO,2009,90
Colorado,CO,2010,72
Colorado,CO,2011,121
Colorado,CO,2012,119
Colorado,CO,2013,146
Colorado,CO,2014,200
Colorado,CO,2015,165
Colorado,CO,2016,201
Colorado,CO,2017,162
Colorado,CO,2018,113
Colorado,CO,2019,130
Colorado,CO,2020,225
Colorado,CO,2021,97
Connecticut,CT,1965,9
Connecticut,CT,1966,3
Connecticut,CT,1967,5
Connecticut,CT,1968,4
Connecticut,CT,1969,6
Connecticut,CT,1970,3
Connecticut,CT,1971,4
Connecticut,CT,1972,3
Connecticut,CT,1973,3
Connecticut,CT,1974,5
Connecticut,CT,1975,11
Connecticut,CT,1976,8
Connecticut,CT,1977,7
Connecticut,CT,1978,4
Connecticut,CT,1979,1
Connecticut,CT,1980,8
Connecticut,CT,1981,1
Connecticut,CT,1982,3
Connecticut,CT,1983,4
Connecticut,CT,1984,6
Connecticut,CT,1985,7
Connecticut,CT,1986,2
Connecticut,CT,1987,3
Connecticut,CT,1988,5
Connecticut,CT,1989,5
Connecticut,CT,1990,2
Connecticut,CT,1991,4
Connecticut,CT,1992,5
Connecticut,CT,1993,4
Connecticut,CT,1994,4
Connecticut,CT,1995,17
Connecticut,CT,1996,13
Connecticut,CT,1997,12
Connecticut,CT,1998,15
Connecticut,CT,1999,15
Connecticut,CT,2000,23
Connecticut,CT,2001,37
Connecticut,CT,2002,23
Connecticut,CT,2003,35
Connecticut,CT,2004,43
Connecticut,CT,2005,29
Connecticut,CT,2006,31
Connecticut,CT,2007,64
Connecticut,CT,2008,62
Connecticut,CT,2009,69
Connecticut,CT,2010,66
Connecticut,CT,2011,80
Connecticut,CT,2012,156
Connecticut,CT,2013,141
Connecticut,CT,2014,96
Connecticut,CT,2015,85
Connecticut,CT,2016,75
Connecticut,CT,2017,84
Connecticut,CT,2018,110
Connecticut,CT,2019,125
Connecticut,CT,2020,130
Connecticut,CT,2021,53
Delaware,DE,1966,2
Delaware,DE,1967,1
Delaware,DE,1968,1
Delaware,DE,1969,1
Delaware,DE,1970,1
Delaware,DE,1972,3
Delaware,DE,1974,1
Delaware,DE,1976,1
Delaware,DE,1980,1
Delaware,DE,1981,1
Delaware,DE,1982,1
Delaware,DE,1984,2
Delaware,DE,1985,1
Delaware,DE,1988,1
Delaware,DE,1989,1
Delaware,DE,1990,4
Delaware,DE,1991,1
Delaware,DE,1993,2
Delaware,DE,1994,1
Delaware,DE,1995,2
Delaware,DE,1997,1
Delaware,DE,1998,2
Delaware,DE,1999,11
Delaware,DE,2000,6
Delaware,DE,2001,4
Delaware,DE,2002,9
Delaware,DE,2003,5
Delaware,DE,2004,8
Delaware,DE,2005,11
Delaware,DE,2006,9
Delaware,DE,2007,15
Delaware,DE,2008,12
Delaware,DE,2009,9
Delaware,DE,2010,14
Delaware,DE,2011,15
Delaware,DE,2012,32
Delaware,DE,2013,12
Delaware,DE,2014,37
Delaware,DE,2015,30
Delaware,DE,2016,19
Delaware,DE,2017,22
Delaware,DE,2018,8
Delaware,DE,2019,14
Delaware,DE,2020,26
Delaware,DE,2021,5
Florida,FL,1965,9
Florida,FL,1966,11
Florida,FL,1967,15
Florida,FL,1968,8
Florida,FL,1969,12
Florida,FL,1970,12
Florida,FL,1971,4
Florida,FL,1972,10
Florida,FL,1973,13
Florida,FL,1974,14
Florida,FL,1975,21
Florida,FL,1976,23
Florida,FL,1977,15
Florida,FL,1978,12
Florida,FL,1979,11
Florida,FL,1980,8
Florida,FL,1981,11
Florida,FL,1982,5
Florida,FL,1983,7
Florida,FL,1984,7
Florida,FL,1985,18
Florida,FL,1986,12
Florida,FL,1987,13
Florida,FL,1988,13
Florida,FL,1989,16
Florida,FL,1990,11
Florida,FL,1991,8
Florida,FL,1992,14
Florida,FL,1993,10
Florida,FL,1994,23
Florida,FL,1995,52
Florida,FL,1996,46
Florida,FL,1997,49
Florida,FL,1998,107
Florida,FL,1999,109
Florida,FL,2000,120
Florida,FL,2001,144
Florida,FL,2002,155
Florida,FL,2003,208
Florida,FL,2004,207
Florida,FL,2005,245
Florida,FL,2006,219
Florida,FL,2007,264
Florida,FL,2008,303
Florida,FL,2009,254
Florida,FL,2010,221
Florida,FL,2011,339
Florida,FL,2012,460
Florida,FL,2013,543
Florida,FL,2014,644
Florida,FL,2015,475
Florida,FL,2016,362
Florida,FL,2017,334
Florida,FL,2018,224
Florida,FL,2019,412
Florida,FL,2020,401
Florida,FL,2021,171
Georgia,GA,1965,3
Georgia,GA,1967,5
Georgia,GA,1968,10
Georgia,GA,1969,3
Georgia,GA,1970,1
Georgia,GA,1971,7
Georgia,GA,1972,6
Georgia,GA,1973,7
Georgia,GA,1974,7
Georgia,GA,1975,6
Georgia,GA,1976,6
Georgia,GA,1977,4
Georgia,GA,1978,7
Georgia,GA,1979,7
Georgia,GA,1980,6
Georgia,GA,1981,2
Georgia,GA,1982,1
Georgia,GA,1983,4
Georgia,GA,1984,11
Georgia,GA,1985,5
Georgia,GA,1986,6
Georgia,GA,1987,3
Georgia,GA,1988,3
Georgia,GA,1989,4
Georgia,GA,1990,5
Georgia,GA,1991,8
Georgia,GA,1992,4
Georgia,GA,1993,2
Georgia,GA,1994,5
Georgia,GA,1995,18
Georgia,GA,1996,10
Georgia,GA,1997,15
Georgia,GA,1998,32
Georgia,GA,1999,65
Georgia,GA,2000,44
Georgia,GA,2001,46
Georgia,GA,2002,42
Georgia,GA,2003,67
Georgia,GA,2004,67
Georgia,GA,2005,74
Georgia,GA,2006,77
Georgia,GA,2007,106
Georgia,GA,2008,103
Georgia,GA,2009,84
Georgia,GA,2010,80
Georgia,GA,2011,94
Georgia,GA,2012,126
Georgia,GA,2013,143
Georgia,GA,2014,225
Georgia,GA,2015,137
Georgia,GA,2016,123
Georgia,GA,2017,121
Georgia,GA,2018,73
Georgia,GA,2019,161
Georgia,GA,2020,130
Georgia,GA,2021,59
Hawaii,HI,1966,1
Hawaii,HI,1967,3
Hawaii,HI,1968,1
Hawaii,HI,1969,2
Hawaii,HI,1970,4
Hawaii,HI,1971,1
Hawaii,HI,1972,1
Hawaii,HI,1973,3
Hawaii,HI,1977,2
Hawaii,HI,1978,1
Hawaii,HI,1979,1
Hawaii,HI,1980,2
Hawaii,HI,1983,3
Hawaii,HI,1984,1
Hawaii,HI,1985,3
Hawaii,HI,1986,1
Hawaii,HI,1988,1
Hawaii,HI,1989,2
Hawaii,HI,1990,1
Hawaii,HI,1991,1
Hawaii,HI,1992,2
Hawaii,HI,1993,6
Hawaii,HI,1994,4
Hawaii,HI,1995,6
Hawaii,HI,1997,6
Hawaii,HI,1998,6
Hawaii,HI,1999,11
Hawaii,HI,2000,13
Hawaii,HI,2001,13
Hawaii,HI,2002,15
Hawaii,HI,2003,12
Hawaii,HI,2004,18
Hawaii,HI,2005,18
Hawaii,HI,2006,11
Hawaii,HI,2007,22
Hawaii,HI,2008,18
Hawaii,HI,2009,19
Hawaii,HI,2010,30
Hawaii,HI,2011,21
Hawaii,HI,2012,36
Hawaii,HI,2013,53
Hawaii,HI,2014,70
Hawaii,HI,2015,27
Hawaii,HI,2016,29
Hawaii,HI,2017,15
Hawaii,HI,2018,12
Hawaii,HI,2019,49
Hawaii,HI,2020,46
Hawaii,HI,2021,8
Idaho,ID,1967,3
Idaho,ID,1968,1
Idaho,ID,1973,1
Idaho,ID,1974,2
Idaho,ID,1975,3
Idaho,ID,1976,2
Idaho,ID,1977,2
Idaho,ID,1978,4
Idaho,ID,1980,2
Idaho,ID,1981,1
Idaho,ID,1982,1
Idaho,ID,1983,4
Idaho,ID,1984,2
Idaho,ID,1986,1
Idaho,ID,1989,4
Idaho,ID,1990,1
Idaho,ID,1991,5
Idaho,ID,1992,7
Idaho,ID,1993,1
Idaho,ID,1994,6
Idaho,ID,1995,10
Idaho,ID,1996,12
Idaho,ID,1997,6
Idaho,ID,1998,14
Idaho,ID,1999,23
Idaho,ID,2000,19
Idaho,ID,2001,27
Idaho,ID,2002,20
Idaho,ID,2003,27
Idaho,ID,2004,22
Idaho,ID,2005,31
Idaho,ID,2006,36
Idaho,ID,2007,18
Idaho,ID,2008,26
Idaho,ID,2009,24
Idaho,ID,2010,32
Idaho,ID,2011,44
Idaho,ID,2012,57
Idaho,ID,2013,102
Idaho,ID,2014,89
Idaho,ID,2015,98
Idaho,ID,2016,75
Idaho,ID,2017,50
Idaho,ID,2018,46
Idaho,ID,2019,104
Idaho,ID,2020,128
Idaho,ID,2021,46
Illinois,IL,1965,7
Illinois,IL,1966,9
Illinois,IL,1967,6
Illinois,IL,1968,7
Illinois,IL,1969,7
Illinois,IL,1970,10
Illinois,IL,1971,1
Illinois,IL,1972,9
Illinois,IL,1973,3
Illinois,IL,1974,11
Illinois,IL,1975,12
Illinois,IL,1976,8
Illinois,IL,1977,13
Illinois,IL,1978,9
Illinois,IL,1979,14
Illinois,IL,1980,9
Illinois,IL,1981,4
Illinois,IL,1982,7
Illinois,IL,1983,5
Illinois,IL,1984,4
Illinois,IL,1985,4
Illinois,IL,1986,3
Illinois,IL,1987,10
Illinois,IL,1988,9
Illinois,IL,1989,14
Illinois,IL,1990,8
Illinois,IL,1991,6
Illinois,IL,1992,12
Illinois,IL,1993,1
Illinois,IL,1994,4
Illinois,IL,1995,37
Illinois,IL,1996,20
Illinois,IL,1997,55
Illinois,IL,1998,65
Illinois,IL,1999,111
Illinois,IL,2000,96
Illinois,IL,2001,140
Illinois,IL,2002,98
Illinois,IL,2003,93
Illinois,IL,2004,220
Illinois,IL,2005,209
Illinois,IL,2006,144
Illinois,IL,2007,181
Illinois,IL,2008,167
Illinois,IL,2009,140
Illinois,IL,2010,208
Illinois,IL,2011,220
Illinois,IL,2012,269
Illinois,IL,2013,174
Illinois,IL,2014,172
Illinois,IL,2015,182
Illinois,IL,2016,156
Illinois,IL,2017,93
Illinois,IL,2018,104
Illinois,IL,2019,165
Illinois,IL,2020,168
Illinois,IL,2021,56
Indiana,IN,1965,6
Indiana,IN,1966,9
Indiana,IN,1967,1
Indiana,IN,1968,4
Indiana,IN,1969,3
Indiana,IN,1970,7
Indiana,IN,1971,5
Indiana,IN,1972,5
Indiana,IN,1973,15
Indiana,IN,1974,11
Indiana,IN,1975,11
Indiana,IN,1976,6
Indiana,IN,1977,17
Indiana,IN,1978,8
Indiana,IN,1979,6
Indiana,IN,1980,5
Indiana,IN,1981,2
Indiana,IN,1982,3
Indiana,IN,1983,8
Indiana,IN,1984,3
Indiana,IN,1985,3
Indiana,IN,1986,4
Indiana,IN,1987,5
Indiana,IN,1988,3
Indiana,IN,1989,3
Indiana,IN,1990,8
Indiana,IN,1991,6
Indiana,IN,1992,1
Indiana,IN,1993,11
Indiana,IN,1994,10
Indiana,IN,1995,15
Indiana,IN,1996,10
Indiana,IN,1997,20
Indiana,IN,1998,31
Indiana,IN,1999,53
Indiana,IN,2000,39
Indiana,IN,2001,39
Indiana,IN,2002,47
Indiana,IN,2003,82
Indiana,IN,2004,105
Indiana,IN,2005,85
Indiana,IN,2006,64
Indiana,IN,2007,81
Indiana,IN,2008,124
Indiana,IN,2009,77
Indiana,IN,2010,96
Indiana,IN,2011,96
Indiana,IN,2012,146
Indiana,IN,2013,146
Indiana,IN,2014,157
Indiana,IN,2015,82
Indiana,IN,2016,87
Indiana,IN,2017,56
Indiana,IN,2018,93
Indiana,IN,2019,182
Indiana,IN,2020,192
Indiana,IN,2021,70
Iowa,IA,1965,3
Iowa,IA,1966,5
Iowa,IA,1967,2
Iowa,IA,1968,5
Iowa,IA,1969,1
Iowa,IA,1970,1
Iowa,IA,1971,3
Iowa,IA,1972,1
Iowa,IA,1973,4
Iowa,IA,1974,2
Iowa,IA,1975,4
Iowa,IA,1976,3
Iowa,IA,1977,1
Iowa,IA,1978,3
Iowa,IA,1979,2
Iowa,IA,1980,3
Iowa,IA,1981,2
Iowa,IA,1982,1
Iowa,IA,1983,3
Iowa,IA,1984,2
Iowa,IA,1986,4
Iowa,IA,1987,1
Iowa,IA,1989,5
Iowa,IA,1990,2
Iowa,IA,1991,1
Iowa,IA,1992,3
Iowa,IA,1993,2
Iowa,IA,1994,6
Iowa,IA,1995,7
Iowa,IA,1996,4
Iowa,IA,1997,4
Iowa,IA,1998,18
Iowa,IA,1999,26
Iowa,IA,2000,29
Iowa,IA,2001,30
Iowa,IA,2002,25
Iowa,IA,2003,33
Iowa,IA,2004,37
Iowa,IA,2005,44
Iowa,IA,2006,27
Iowa,IA,2007,50
Iowa,IA,2008,36
Iowa,IA,2009,42
Iowa,IA,2010,50
Iowa,IA,2011,45
Iowa,IA,2012,101
Iowa,IA,2013,81
Iowa,IA,2014,69
Iowa,IA,2015,47
Iowa,IA,2016,41
Iowa,IA,2017,44
Iowa,IA,2018,33
Iowa,IA,2019,43
Iowa,IA,2020,72
Iowa,IA,2021,18
Kansas,KS,1965,4
Kansas,KS,1967,8
Kansas,KS,1968,1
Kansas,KS,1969,1
Kansas,KS,1971,2
Kansas,KS,1972,5
Kansas,KS,1973,3
Kansas,KS,1974,5
Kansas,KS,1975,4
Kansas,KS,1976,3
Kansas,KS,1977,1
Kansas,KS,1978,3
Kansas,KS,1980,3
Kansas,KS,1981,1
Kansas,KS,1982,3
Kansas,KS,1983,2
Kansas,KS,1985,4
Kansas,KS,1986,1
Kansas,KS,1987,7
Kansas,KS,1989,2
Kansas,KS,1990,1
Kansas,KS,1991,3
Kansas,KS,1992,1
Kansas,KS,1993,3
Kansas,KS,1994,4
Kansas,KS,1995,13
Kansas,KS,1996,8
Kansas,KS,1997,7
Kansas,KS,1998,17
Kansas,KS,1999,30
Kansas,KS,2000,27
Kansas,KS,2001,32
Kansas,KS,2002,25
Kansas,KS,2003,24
Kansas,KS,2004,33
Kansas,KS,2005,44
Kansas,KS,2006,38
Kansas,KS,2007,45
Kansas,KS,2008,31
Kansas,KS,2009,44
Kansas,KS,2010,51
Kansas,KS,2011,43
Kansas,KS,2012,60
Kansas,KS,2013,55
Kansas,KS,2014,70
Kansas,KS,2015,47
Kansas,KS,2016,49
Kansas,KS,2017,51
Kansas,KS,2018,31
Kansas,KS,2019,42
Kansas,KS,2020,71
Kansas,KS,2021,20
Kentucky,KY,1965,3
Kentucky,KY,1966,2
Kentucky,KY,1967,6
Kentucky,KY,1968,7
Kentucky,KY,1969,2
Kentucky,KY,1970,2
Kentucky,KY,1972,3
Kentucky,KY,1973,4
Kentucky,KY,1974,11
Kentucky,KY,1975,8
Kentucky,KY,1976,10
Kentucky,KY,1977,12
Kentucky,KY,1978,3
Kentucky,KY,1979,4
Kentucky,KY,1980,4
Kentucky,KY,1981,5
Kentucky,KY,1982,4
Kentucky,KY,1984,7
Kentucky,KY,1985,1
Kentucky,KY,1986,11
Kentucky,KY,1987,4
Kentucky,KY,1988,5
Kentucky,KY,1989,3
Kentucky,KY,1990,2
Kentucky,KY,1991,7
Kentucky,KY,1992,5
Kentucky,KY,1993,8
Kentucky,KY,1994,9
Kentucky,KY,1995,15
Kentucky,KY,1996,6
Kentucky,KY,1997,14
Kentucky,KY,1998,15
Kentucky,KY,1999,32
Kentucky,KY,2000,26
Kentucky,KY,2001,36
Kentucky,KY,2002,29
Kentucky,KY,2003,43
Kentucky,KY,2004,44
Kentucky,KY,2005,60
Kentucky,KY,2006,48
Kentucky,KY,2007,58
Kentucky,KY,2008,71
Kentucky,KY,2009,60
Kentucky,KY,2010,53
Kentucky,KY,2011,85
Kentucky,KY,2012,65
Kentucky,KY,2013,98
Kentucky,KY,2014,92
Kentucky,KY,2015,72
Kentucky,KY,2016,54
Kentucky,KY,2017,66
Kentucky,KY,2018,48
Kentucky,KY,2019,74
Kentucky,KY,2020,87
Kentucky,KY,2021,29
Louisiana,LA,1965,2
Louisiana,LA,1967,4
Louisiana,LA,1968,5
Louisiana,LA,1969,3
Louisiana,LA,1971,1
Louisiana,LA,1972,1
Louisiana,LA,1973,4
Louisiana,LA,1974,10
Louisiana,LA,1975,3
Louisiana,LA,1976,4
Louisiana,LA,1977,4
Louisiana,LA,1978,6
Louisiana,LA,1979,7
Louisiana,LA,1980,2
Louisiana,LA,1981,3
Louisiana,LA,1982,4
Louisiana,LA,1983,2
Louisiana,LA,1984,2
Louisiana,LA,1985,3
Louisiana,LA,1986,3
Louisiana,LA,1987,1
Louisiana,LA,1988,6
Louisiana,LA,1989,4
Louisiana,LA,1990,4
Louisiana,LA,1992,2
Louisiana,LA,1993,4
Louisiana,LA,1994,3
Louisiana,LA,1995,8
Louisiana,LA,1996,8
Louisiana,LA,1997,8
Louisiana,LA,1998,12
Louisiana,LA,1999,24
Louisiana,LA,2000,20
Louisiana,LA,2001,16
Louisiana,LA,2002,22
Louisiana,LA,2003,31
Louisiana,LA,2004,45
Louisiana,LA,2005,30
Louisiana,LA,2006,28
Louisiana,LA,2007,25
Louisiana,LA,2008,47
Louisiana,LA,2009,56
Louisiana,LA,2010,29
Louisiana,LA,2011,34
Louisiana,LA,2012,48
Louisiana,LA,2013,51
Louisiana,LA,2014,111
Louisiana,LA,2015,61
Louisiana,LA,2016,48
Louisiana,LA,2017,33
Louisiana,LA,2018,25
Louisiana,LA,2019,43
Louisiana,LA,2020,40
Louisiana,LA,2021,13
Maine,ME,1965,3
Maine,ME,1966,3
Maine,ME,1967,7
Maine,ME,1968,3
Maine,ME,1969,1
Maine,ME,1971,2
Maine,ME,1972,2
Maine,ME,1973,4
Maine,ME,1974,6
Maine,ME,1975,4
Maine,ME,1976,6
Maine,ME,1977,2
Maine,ME,1978,3
Maine,ME,1979,3
Maine,ME,1980,4
Maine,ME,1981,1
Maine,ME,1982,2
Maine,ME,1984,4
Maine,ME,1987,3
Maine,ME,1988,4
Maine,ME,1989,4
Maine,ME,1990,3
Maine,ME,1991,2
Maine,ME,1992,6
Maine,ME,1993,3
Maine,ME,1994,7
Maine,ME,1995,19
Maine,ME,1996,7
Maine,ME,1997,10
Maine,ME,1998,18
Maine,ME,1999,16
Maine,ME,2000,21
Maine,ME,2001,21
Maine,ME,2002,30
Maine,ME,2003,36
Maine,ME,2004,17
Maine,ME,2005,25
Maine,ME,2006,25
Maine,ME,2007,27
Maine,ME,2008,28
Maine,ME,2009,42
Maine,ME,2010,28
Maine,ME,2011,42
Maine,ME,2012,103
Maine,ME,2013,81
Maine,ME,2014,53
Maine,ME,2015,58
Maine,ME,2016,69
Maine,ME,2017,36
Maine,ME,2018,27
Maine,ME,2019,56
Maine,ME,2020,75
Maine,ME,2021,25
Maryland,MD,1965,2
Maryland,MD,1966,5
Maryland,MD,1967,3
Maryland,MD,1968,5
Maryland,MD,1969,2
Maryland,MD,1970,3
Maryland,MD,1971,1
Maryland,MD,1972,1
Maryland,MD,1973,9
Maryland,MD,1974,3
Maryland,MD,1975,8
Maryland,MD,1976,2
Maryland,MD,1977,8
Maryland,MD,1978,1
Maryland,MD,1979,5
Maryland,MD,1980,3
Maryland,MD,1981,1
Maryland,MD,1982,1
Maryland,MD,1984,1
Maryland,MD,1985,1
Maryland,MD,1986,3
Maryland,MD,1987,2
Maryland,MD,1988,2
Maryland,MD,1989,5
Maryland,MD,1990,8
Maryland,MD,1991,2
Maryland,MD,1992,3
Maryland,MD,1993,7
Maryland,MD,1994,4
Maryland,MD,1995,9
Maryland,MD,1996,19
Maryland,MD,1997,13
Maryland,MD,1998,14
Maryland,MD,1999,30
Maryland,MD,2000,27
Maryland,MD,2001,37
Maryland,MD,2002,52
Maryland,MD,2003,37
Maryland,MD,2004,44
Maryland,MD,2005,40
Maryland,MD,2006,33
Maryland,MD,2007,43
Maryland,MD,2008,65
Maryland,MD,2009,43
Maryland,MD,2010,50
Maryland,MD,2011,74
Maryland,MD,2012,110
Maryland,MD,2013,115
Maryland,MD,2014,146
Maryland,MD,2015,115
Maryland,MD,2016,96
Maryland,MD,2017,94
Maryland,MD,2018,54
Maryland,MD,2019,69
Maryland,MD,2020,83
Maryland,MD,2021,31
Massachusetts,MA,1965,8
Massachusetts,MA,1966,5
Massachusetts,MA,1967,3
Massachusetts,MA,1968,9
Massachusetts,MA,1969,3
Massachusetts,MA,1970,5
Massachusetts,MA,1971,6
Massachusetts,MA,1972,3
Massachusetts,MA,1973,4
Massachusetts,MA,1974,8
Massachusetts,MA,1975,9
Massachusetts,MA,1976,9
Massachusetts,MA,1977,6
Massachusetts,MA,1978,17
Massachusetts,MA,1979,6
Massachusetts,MA,1980,6
Massachusetts,MA,1981,8
Massachusetts,MA,1982,8
Massachusetts,MA,1983,5
Massachusetts,MA,1984,3
Massachusetts,MA,1985,3
Massachusetts,MA,1986,3
Massachusetts,MA,1987,8
Massachusetts,MA,1988,5
Massachusetts,MA,1989,3
Massachusetts,MA,1990,8
Massachusetts,MA,1991,4
Massachusetts,MA,1992,6
Massachusetts,MA,1993,6
Massachusetts,MA,1994,10
Massachusetts,MA,1995,24
Massachusetts,MA,1996,11
Massachusetts,MA,1997,18
Massachusetts,MA,1998,27
Massachusetts,MA,1999,31
Massachusetts,MA,2000,42
Massachusetts,MA,2001,42
Massachusetts,MA,2002,51
Massachusetts,MA,2003,65
Massachusetts,MA,2004,64
Massachusetts,MA,2005,61
Massachusetts,MA,2006,59
Massachusetts,MA,2007,68
Massachusetts,MA,2008,75
Massachusetts,MA,2009,79
Massachusetts,MA,2010,107
Massachusetts,MA,2011,105
Massachusetts,MA,2012,160
Massachusetts,MA,2013,196
Massachusetts,MA,2014,200
Massachusetts,MA,2015,146
Massachusetts,MA,2016,115
Massachusetts,MA,2017,100
Massachusetts,MA,2018,70
Massachusetts,MA,2019,117
Massachusetts,MA,2020,138
Massachusetts,MA,2021,46
Michigan,MI,1965,6
Michigan,MI,1966,18
Michigan,MI,1967,2
Michigan,MI,1968,5
Michigan,MI,1969,3
Michigan,MI,1970,8
Michigan,MI,1971,4
Michigan,MI,1972,2
Michigan,MI,1973,3
Michigan,MI,1974,12
Michigan,MI,1975,10
Michigan,MI,1976,11
Michigan,MI,1977,12
Michigan,MI,1978,23
Michigan,MI,1979,13
Michigan,MI,1980,12
Michigan,MI,1981,4
Michigan,MI,1982,7
Michigan,MI,1983,13
Michigan,MI,1984,7
Michigan,MI,1985,4
Michigan,MI,1986,8
Michigan,MI,1987,5
Michigan,MI,1988,7
Michigan,MI,1989,3
Michigan,MI,1990,11
Michigan,MI,1991,17
Michigan,MI,1992,4
Michigan,MI,1993,7
Michigan,MI,1994,27
Michigan,MI,1995,57
Michigan,MI,1996,29
Michigan,MI,1997,46
Michigan,MI,1998,58
Michigan,MI,1999,92
Michigan,MI,2000,74
Michigan,MI,2001,79
Michigan,MI,2002,84
Michigan,MI,2003,94
Michigan,MI,2004,83
Michigan,MI,2005,93
Michigan,MI,2006,109
Michigan,MI,2007,138
Michigan,MI,2008,141
Michigan,MI,2009,125
Michigan,MI,2010,124
Michigan,MI,2011,161
Michigan,MI,2012,235
Michigan,MI,2013,188
Michigan,MI,2014,184
Michigan,MI,2015,186
Michigan,MI,2016,136
Michigan,MI,2017,134
Michigan,MI,2018,62
Michigan,MI,2019,135
Michigan,MI,2020,179
Michigan,MI,2021,46
Minnesota,MN,1965,1
Minnesota,MN,1966,2
Minnesota,MN,1967,4
Minnesota,MN,1968,6
Minnesota,MN,1969,3
Minnesota,MN,1970,1
Minnesota,MN,1971,1
Minnesota,MN,1972,1
Minnesota,MN,1973,1
Minnesota,MN,1974,5
Minnesota,MN,1975,9
Minnesota,MN,1976,9
Minnesota,MN,1977,3
Minnesota,MN,1978,5
Minnesota,MN,1979,4
Minnesota,MN,1980,7
Minnesota,MN,1981,4
Minnesota,MN,1982,2
Minnesota,MN,1983,4
Minnesota,MN,1984,3
Minnesota,MN,1985,2
Minnesota,MN,1986,1
Minnesota,MN,1987,5
Minnesota,MN,1988,5
Minnesota,MN,1989,1
Minnesota,MN,1990,5
Minnesota,MN,1991,4
Minnesota,MN,1992,6
Minnesota,MN,1993,4
Minnesota,MN,1994,2
Minnesota,MN,1995,7
Minnesota,MN,1996,15
Minnesota,MN,1997,28
Minnesota,MN,1998,17
Minnesota,MN,1999,36
Minnesota,MN,2000,42
Minnesota,MN,2001,53
Minnesota,MN,2002,29
Minnesota,MN,2003,44
Minnesota,MN,2004,75
Minnesota,MN,2005,75
Minnesota,MN,2006,59
Minnesota,MN,2007,52
Minnesota,MN,2008,55
Minnesota,MN,2009,64
Minnesota,MN,2010,60
Minnesota,MN,2011,83
Minnesota,MN,2012,145
Minnesota,MN,2013,126
Minnesota,MN,2014,104
Minnesota,MN,2015,152
Minnesota,MN,2016,85
Minnesota,MN,2017,83
Minnesota,MN,2018,51
Minnesota,MN,2019,127
Minnesota,MN,2020,118
Minnesota,MN,2021,35
Mississippi,MS,1965,1
Mississippi,MS,1966,1
Mississippi,MS,1967,1
Mississippi,MS,1968,2
Mississippi,MS,1969,3
Mississippi,MS,1970,1
Mississippi,MS,1971,1
Mississippi,MS,1972,3
Mississippi,MS,1973,4
Mississippi,MS,1974,5
Mississippi,MS,1975,6
Mississippi,MS,1976,5
Mississippi,MS,1977,10
Mississippi,MS,1978,6
Mississippi,MS,1979,5
Mississippi,MS,1981,1
Mississippi,MS,1982,2
Mississippi,MS,1983,1
Mississippi,MS,1984,1
Mississippi,MS,1986,1
Mississippi,MS,1987,3
Mississippi,MS,1988,4
Mississippi,MS,1989,6
Mississippi,MS,1991,2
Mississippi,MS,1992,3
Mississippi,MS,1993,6
Mississippi,MS,1994,5
Mississippi,MS,1995,9
Mississippi,MS,1996,1
Mississippi,MS,1997,6
Mississippi,MS,1998,8
Mississippi,MS,1999,19
Mississippi,MS,2000,16
Mississippi,MS,2001,25
Mississippi,MS,2002,12
Mississippi,MS,2003,16
Mississippi,MS,2004,23
Mississippi,MS,2005,22
Mississippi,MS,2006,21
Mississippi,MS,2007,26
Mississippi,MS,2008,25
Mississippi,MS,2009,29
Mississippi,MS,2010,20
Mississippi,MS,2011,23
Mississippi,MS,2012,45
Mississippi,MS,2013,39
Mississippi,MS,2014,44
Mississippi,MS,2015,41
Mississippi,MS,2016,32
Mississippi,MS,2017,25
Mississippi,MS,2018,25
Mississippi,MS,2019,33
Mississippi,MS,2020,27
Mississippi,MS,2021,13
Missouri,MO,1965,7
Missouri,MO,1966,4
Missouri,MO,1967,3
Missouri,MO,1968,3
Missouri,MO,1969,2
Missouri,MO,1970,4
Missouri,MO,1971,3
Missouri,MO,1972,3
Missouri,MO,1973,6
Missouri,MO,1974,6
Missouri,MO,1975,3
Missouri,MO,1976,6
Missouri,MO,1977,6
Missouri,MO,1978,11
Missouri,MO,1979,6
Missouri,MO,1980,8
Missouri,MO,1981,6
Missouri,MO,1982,4
Missouri,MO,1983,4
Missouri,MO,1984,8
Missouri,MO,1985,8
Missouri,MO,1986,3
Missouri,MO,1987,9
Missouri,MO,1988,10
Missouri,MO,1989,9
Missouri,MO,1990,3
Missouri,MO,1991,5
Missouri,MO,1992,4
Missouri,MO,1993,5
Missouri,MO,1994,11
Missouri,MO,1995,24
Missouri,MO,1996,23
Missouri,MO,1997,58
Missouri,MO,1998,37
Missouri,MO,1999,80
Missouri,MO,2000,57
Missouri,MO,2001,70
Missouri,MO,2002,56
Missouri,MO,2003,64
Missouri,MO,2004,80
Missouri,MO,2005,77
Missouri,MO,2006,71
Missouri,MO,2007,113
Missouri,MO,2008,106
Missouri,MO,2009,91
Missouri,MO,2010,117
Missouri,MO,2011,139
Missouri,MO,2012,177
Missouri,MO,2013,112
Missouri,MO,2014,146
Missouri,MO,2015,101
Missouri,MO,2016,112
Missouri,MO,2017,112
Missouri,MO,2018,61
Missouri,MO,2019,126
Missouri,MO,2020,130
Missouri,MO,2021,52
Montana,MT,1965,1
Montana,MT,1966,2
Montana,MT,1968,1
Montana,MT,1969,4
Montana,MT,1970,2
Montana,MT,1972,3
Montana,MT,1973,1
Montana,MT,1974,1
Montana,MT,1975,2
Montana,MT,1976,2
Montana,MT,1977,2
Montana,MT,1978,2
Montana,MT,1979,1
Montana,MT,1982,4
Montana,MT,1983,1
Montana,MT,1984,3
Montana,MT,1986,4
Montana,MT,1987,3
Montana,MT,1989,1
Montana,MT,1990,4
Montana,MT,1991,2
Montana,MT,1992,3
Montana,MT,1993,5
Montana,MT,1994,2
Montana,MT,1995,16
Montana,MT,1996,4
Montana,MT,1997,12
Montana,MT,1998,21
Montana,MT,1999,23
Montana,MT,2000,15
Montana,MT,2001,17
Montana,MT,2002,20
Montana,MT,2003,20
Montana,MT,2004,27
Montana,MT,2005,29
Montana,MT,2006,26
Montana,MT,2007,20
Montana,MT,2008,19
Montana,MT,2009,32
Montana,MT,2010,32
Montana,MT,2011,49
Montana,MT,2012,74
Montana,MT,2013,52
Montana,MT,2014,56
Montana,MT,2015,60
Montana,MT,2016,49
Montana,MT,2017,49
Montana,MT,2018,30
Montana,MT,2019,61
Montana,MT,2020,55
Montana,MT,2021,5
Nebraska,NE,1965,2
Nebraska,NE,1966,4
Nebraska,NE,1967,2
Nebraska,NE,1968,2
Nebraska,NE,1969,1
Nebraska,NE,1972,1
Nebraska,NE,1975,1
Nebraska,NE,1976,2
Nebraska,NE,1977,1
Nebraska,NE,1979,3
Nebraska,NE,1980,5
Nebraska,NE,1981,3
Nebraska,NE,1982,2
Nebraska,NE,1983,2
Nebraska,NE,1984,2
Nebraska,NE,1985,3
Nebraska,NE,1986,1
Nebraska,NE,1987,1
Nebraska,NE,1988,1
Nebraska,NE,1990,3
Nebraska,NE,1991,2
Nebraska,NE,1992,1
Nebraska,NE,1993,3
Nebraska,NE,1994,2
Nebraska,NE,1995,5
Nebraska,NE,1996,2
Nebraska,NE,1997,8
Nebraska,NE,1998,10
Nebraska,NE,1999,9
Nebraska,NE,2000,13
Nebraska,NE,2001,19
Nebraska,NE,2002,18
Nebraska,NE,2003,28
Nebraska,NE,2004,37
Nebraska,NE,2005,14
Nebraska,NE,2006,24
Nebraska,NE,2007,29
Nebraska,NE,2008,18
Nebraska,NE,2009,26
Nebraska,NE,2010,38
Nebraska,NE,2011,27
Nebraska,NE,2012,47
Nebraska,NE,2013,28
Nebraska,NE,2014,26
Nebraska,NE,2015,23
Nebraska,NE,2016,16
Nebraska,NE,2017,25
Nebraska,NE,2018,21
Nebraska,NE,2019,32
Nebraska,NE,2020,33
Nebraska,NE,2021,13
Nevada,NV,1965,2
Nevada,NV,1966,1
Nevada,NV,1967,2
Nevada,NV,1968,4
Nevada,NV,1969,1
Nevada,NV,1970,1
Nevada,NV,1971,1
Nevada,NV,1972,1
Nevada,NV,1973,1
Nevada,NV,1975,6
Nevada,NV,1976,2
Nevada,NV,1977,2
Nevada,NV,1978,2
Nevada,NV,1979,1
Nevada,NV,1980,1
Nevada,NV,1981,5
Nevada,NV,1982,4
Nevada,NV,1983,7
Nevada,NV,1984,1
Nevada,NV,1985,2
Nevada,NV,1986,2
Nevada,NV,1987,5
Nevada,NV,1988,4
Nevada,NV,1989,3
Nevada,NV,1990,3
Nevada,NV,1991,4
Nevada,NV,1992,7
Nevada,NV,1993,3
Nevada,NV,1994,8
Nevada,NV,1995,31
Nevada,NV,1996,18
Nevada,NV,1997,29
Nevada,NV,1998,30
Nevada,NV,1999,53
Nevada,NV,2000,40
Nevada,NV,2001,50
Nevada,NV,2002,42
Nevada,NV,2003,39
Nevada,NV,2004,50
Nevada,NV,2005,56
Nevada,NV,2006,41
Nevada,NV,2007,58
Nevada,NV,2008,70
Nevada,NV,2009,48
Nevada,NV,2010,50
Nevada,NV,2011,54
Nevada,NV,2012,86
Nevada,NV,2013,53
Nevada,NV,2014,99
Nevada,NV,2015,112
Nevada,NV,2016,64
Nevada,NV,2017,58
Nevada,NV,2018,57
Nevada,NV,2019,69
Nevada,NV,2020,93
Nevada,NV,2021,25
New Hampshire,NH,1965,4
New Hampshire,NH,1966,2
New Hampshire,NH,1967,1
New Hampshire,NH,1968,1
New Hampshire,NH,1969,1
New Hampshire,NH,1970,3
New Hampshire,NH,1971,1
New Hampshire,NH,1972,1
New Hampshire,NH,1973,1
New Hampshire,NH,1974,1
New Hampshire,NH,1975,2
New Hampshire,NH,1976,4
New Hampshire,NH,1977,10
New Hampshire,NH,1978,9
New Hampshire,NH,1979,1
New Hampshire,NH,1980,4
New Hampshire,NH,1981,2
New Hampshire,NH,1983,1
New Hampshire,NH,1984,1
New Hampshire,NH,1985,2
New Hampshire,NH,1986,1
New Hampshire,NH,1987,3
New Hampshire,NH,1988,3
New Hampshire,NH,1989,3
New Hampshire,NH,1990,2
New Hampshire,NH,1991,5
New Hampshire,NH,1992,4
New Hampshire,NH,1993,2
New Hampshire,NH,1995,6
New Hampshire,NH,1996,2
New Hampshire,NH,1997,8
New Hampshire,NH,1998,11
New Hampshire,NH,1999,15
New Hampshire,NH,2000,14
New Hampshire,NH,2001,20
New Hampshire,NH,2002,25
New Hampshire,NH,2003,25
New Hampshire,NH,2004,19
New Hampshire,NH,2005,41
New Hampshire,NH,2006,15
New Hampshire,NH,2007,31
New Hampshire,NH,2008,34
New Hampshire,NH,2009,26
New Hampshire,NH,2010,25
New Hampshire,NH,2011,33
New Hampshire,NH,2012,80
New Hampshire,NH,2013,66
New Hampshire,NH,2014,96
New Hampshire,NH,2015,87
New Hampshire,NH,2016,52
New Hampshire,NH,2017,53
New Hampshire,NH,2018,37
New Hampshire,NH,2019,78
New Hampshire,NH,2020,87
New Hampshire,NH,2021,22
New Jersey,NJ,1965,6
New Jersey,NJ,1966,5
New Jersey,NJ,1967,5
New Jersey,NJ,1968,15
New Jersey,NJ,1969,2
New Jersey,NJ,1970,7
New Jersey,NJ,1971,2
New Jersey,NJ,1972,3
New Jersey,NJ,1973,6
New Jersey,NJ,1974,9
New Jersey,NJ,1975,10
New Jersey,NJ,1976,6
New Jersey,NJ,1977,2
New Jersey,NJ,1978,9
New Jersey,NJ,1979,12
New Jersey,NJ,1980,10
New Jersey,NJ,1981,6
New Jersey,NJ,1982,7
New Jersey,NJ,1983,6
New Jersey,NJ,1984,3
New Jersey,NJ,1985,7
New Jersey,NJ,1986,2
New Jersey,NJ,1987,4
New Jersey,NJ,1988,7
New Jersey,NJ,1989,7
New Jersey,NJ,1990,6
New Jersey,NJ,1991,7
New Jersey,NJ,1992,5
New Jersey,NJ,1993,4
New Jersey,NJ,1994,9
New Jersey,NJ,1995,20
New Jersey,NJ,1996,22
New Jersey,NJ,1997,24
New Jersey,NJ,1998,27
New Jersey,NJ,1999,41
New Jersey,NJ,2000,52
New Jersey,NJ,2001,71
New Jersey,NJ,2002,59
New Jersey,NJ,2003,76
New Jersey,NJ,2004,86
New Jersey,NJ,2005,88
New Jersey,NJ,2006,73
New Jersey,NJ,2007,69
New Jersey,NJ,2008,104
New Jersey,NJ,2009,119
New Jersey,NJ,2010,93
New Jersey,NJ,2011,92
New Jersey,NJ,2012,158
New Jersey,NJ,2013,166
New Jersey,NJ,2014,167
New Jersey,NJ,2015,130
New Jersey,NJ,2016,128
New Jersey,NJ,2017,120
New Jersey,NJ,2018,58
New Jersey,NJ,2019,192
New Jersey,NJ,2020,144
New Jersey,NJ,2021,64
New Mexico,NM,1965,4
New Mexico,NM,1966,4
New Mexico,NM,1967,2
New Mexico,NM,1969,1
New Mexico,NM,1970,1
New Mexico,NM,1971,1
New Mexico,NM,1972,2
New Mexico,NM,1973,4
New Mexico,NM,1974,3
New Mexico,NM,1975,4
New Mexico,NM,1976,3
New Mexico,NM,1977,6
New Mexico,NM,1978,5
New Mexico,NM,1979,3
New Mexico,NM,1980,2
New Mexico,NM,1981,3
New Mexico,NM,1982,1
New Mexico,NM,1983,2
New Mexico,NM,1984,3
New Mexico,NM,1985,2
New Mexico,NM,1986,3
New Mexico,NM,1987,2
New Mexico,NM,1988,8
New Mexico,NM,1989,4
New Mexico,NM,1990,3
New Mexico,NM,1991,9
New Mexico,NM,1992,4
New Mexico,NM,1993,5
New Mexico,NM,1994,9
New Mexico,NM,1995,13
New Mexico,NM,1996,10
New Mexico,NM,1997,24
New Mexico,NM,1998,26
New Mexico,NM,1999,35
New Mexico,NM,2000,36
New Mexico,NM,2001,29
New Mexico,NM,2002,46
New Mexico,NM,2003,45
New Mexico,NM,2004,40
New Mexico,NM,2005,34
New Mexico,NM,2006,64
New Mexico,NM,2007,49
New Mexico,NM,2008,59
New Mexico,NM,2009,51
New Mexico,NM,2010,37
New Mexico,NM,2011,35
New Mexico,NM,2012,72
New Mexico,NM,2013,87
New Mexico,NM,2014,110
New Mexico,NM,2015,77
New Mexico,NM,2016,78
New Mexico,NM,2017,82
New Mexico,NM,2018,60
New Mexico,NM,2019,88
New Mexico,NM,2020,82
New Mexico,NM,2021,37
New York,NY,1965,20
New York,NY,1966,13
New York,NY,1967,14
New York,NY,1968,8
New York,NY,1969,11
New York,NY,1970,21
New York,NY,1971,5
New York,NY,1972,8
New York,NY,1973,11
New York,NY,1974,14
New York,NY,1975,26
New York,NY,1976,16
New York,NY,1977,17
New York,NY,1978,24
New York,NY,1979,19
New York,NY,1980,11
New York,NY,1981,6
New York,NY,1982,13
New York,NY,1983,13
New York,NY,1984,18
New York,NY,1985,22
New York,NY,1986,10
New York,NY,1987,17
New York,NY,1988,20
New York,NY,1989,23
New York,NY,1990,14
New York,NY,1991,21
New York,NY,1992,17
New York,NY,1993,22
New York,NY,1994,28
New York,NY,1995,52
New York,NY,1996,28
New York,NY,1997,54
New York,NY,1998,71
New York,NY,1999,108
New York,NY,2000,121
New York,NY,2001,152
New York,NY,2002,155
New York,NY,2003,159
New York,NY,2004,185
New York,NY,2005,162
New York,NY,2006,125
New York,NY,2007,173
New York,NY,2008,213
New York,NY,2009,206
New York,NY,2010,180
New York,NY,2011,250
New York,NY,2012,382
New York,NY,2013,258
New York,NY,2014,331
New York,NY,2015,301
New York,NY,2016,219
New York,NY,2017,185
New York,NY,2018,115
New York,NY,2019,190
New York,NY,2020,291
New York,NY,2021,157
North Carolina,NC,1965,2
North Carolina,NC,1966,4
North Carolina,NC,1967,5
North Carolina,NC,1968,6
North Carolina,NC,1969,1
North Carolina,NC,1970,2
North Carolina,NC,1971,2
North Carolina,NC,1972,8
North Carolina,NC,1973,11
North Carolina,NC,1974,10
North Carolina,NC,1975,8
North Carolina,NC,1976,5
North Carolina,NC,1977,6
North Carolina,NC,1978,8
North Carolina,NC,1979,10
North Carolina,NC,1980,3
North Carolina,NC,1981,5
North Carolina,NC,1982,12
North Carolina,NC,1983,3
North Carolina,NC,1984,2
North Carolina,NC,1985,9
North Carolina,NC,1986,10
North Carolina,NC,1987,8
North Carolina,NC,1988,5
North Carolina,NC,1989,12
North Carolina,NC,1990,5
North Carolina,NC,1991,5
North Carolina,NC,1992,7
North Carolina,NC,1993,8
North Carolina,NC,1994,10
North Carolina,NC,1995,19
North Carolina,NC,1996,13
North Carolina,NC,1997,25
North Carolina,NC,1998,40
North Carolina,NC,1999,53
North Carolina,NC,2000,31
North Carolina,NC,2001,63
North Carolina,NC,2002,67
North Carolina,NC,2003,82
North Carolina,NC,2004,84
North Carolina,NC,2005,106
North Carolina,NC,2006,76
North Carolina,NC,2007,111
North Carolina,NC,2008,133
North Carolina,NC,2009,126
North Carolina,NC,2010,133
North Carolina,NC,2011,195
North Carolina,NC,2012,249
North Carolina,NC,2013,198
North Carolina,NC,2014,281
North Carolina,NC,2015,187
North Carolina,NC,2016,219
North Carolina,NC,2017,144
North Carolina,NC,2018,108
North Carolina,NC,2019,162
North Carolina,NC,2020,136
North Carolina,NC,2021,60
North Dakota,ND,1966,1
North Dakota,ND,1968,2
North Dakota,ND,1970,1
North Dakota,ND,1974,1
North Dakota,ND,1975,1
North Dakota,ND,1976,2
North Dakota,ND,1977,2
North Dakota,ND,1978,3
North Dakota,ND,1979,1
North Dakota,ND,1982,1
North Dakota,ND,1983,2
North Dakota,ND,1990,2
North Dakota,ND,1991,1
North Dakota,ND,1995,8
North Dakota,ND,1996,7
North Dakota,ND,1997,2
North Dakota,ND,1998,5
North Dakota,ND,1999,6
North Dakota,ND,2000,5
North Dakota,ND,2001,6
North Dakota,ND,2002,4
North Dakota,ND,2003,9
North Dakota,ND,2004,9
North Dakota,ND,2005,4
North Dakota,ND,2006,9
North Dakota,ND,2007,6
North Dakota,ND,2008,10
North Dakota,ND,2009,9
North Dakota,ND,2010,5
North Dakota,ND,2011,12
North Dakota,ND,2012,12
North Dakota,ND,2013,7
North Dakota,ND,2014,11
North Dakota,ND,2015,11
North Dakota,ND,2016,12
North Dakota,ND,2017,9
North Dakota,ND,2018,9
North Dakota,ND,2019,18
North Dakota,ND,2020,25
North Dakota,ND,2021,9
Ohio,OH,1965,9
Ohio,OH,1966,14
Ohio,OH,1967,13
Ohio,OH,1968,12
Ohio,OH,1969,6
Ohio,OH,1970,4
Ohio,OH,1971,4
Ohio,OH,1972,11
Ohio,OH,1973,20
Ohio,OH,1974,17
Ohio,OH,1975,11
Ohio,OH,1976,17
Ohio,OH,1977,13
Ohio,OH,1978,10
Ohio,OH,1979,6
Ohio,OH,1980,10
Ohio,OH,1981,8
Ohio,OH,1982,7
Ohio,OH,1983,5
Ohio,OH,1984,10
Ohio,OH,1985,8
Ohio,OH,1986,8
Ohio,OH,1987,7
Ohio,OH,1988,10
Ohio,OH,1989,5
Ohio,OH,1990,6
Ohio,OH,1991,6
Ohio,OH,1992,10
Ohio,OH,1993,14
Ohio,OH,1994,29
Ohio,OH,1995,33
Ohio,OH,1996,29
Ohio,OH,1997,29
Ohio,OH,1998,71
Ohio,OH,1999,128
Ohio,OH,2000,80
Ohio,OH,2001,99
Ohio,OH,2002,95
Ohio,OH,2003,115
Ohio,OH,2004,135
Ohio,OH,2005,88
Ohio,OH,2006,101
Ohio,OH,2007,116
Ohio,OH,2008,136
Ohio,OH,2009,132
Ohio,OH,2010,132
Ohio,OH,2011,155
Ohio,OH,2012,273
Ohio,OH,2013,363
Ohio,OH,2014,279
Ohio,OH,2015,214
Ohio,OH,2016,156
Ohio,OH,2017,151
Ohio,OH,2018,105
Ohio,OH,2019,210
Ohio,OH,2020,241
Ohio,OH,2021,73
Oklahoma,OK,1965,5
Oklahoma,OK,1966,2
Oklahoma,OK,1967,3
Oklahoma,OK,1968,4
Oklahoma,OK,1969,2
Oklahoma,OK,1970,2
Oklahoma,OK,1971,1
Oklahoma,OK,1972,3
Oklahoma,OK,1973,3
Oklahoma,OK,1974,5
Oklahoma,OK,1975,3
Oklahoma,OK,1976,3
Oklahoma,OK,1977,3
Oklahoma,OK,1978,2
Oklahoma,OK,1979,2
Oklahoma,OK,1980,6
Oklahoma,OK,1981,6
Oklahoma,OK,1982,1
Oklahoma,OK,1983,1
Oklahoma,OK,1985,2
Oklahoma,OK,1986,3
Oklahoma,OK,1987,4
Oklahoma,OK,1988,7
Oklahoma,OK,1989,6
Oklahoma,OK,1990,4
Oklahoma,OK,1991,1
Oklahoma,OK,1992,2
Oklahoma,OK,1993,3
Oklahoma,OK,1994,1
Oklahoma,OK,1995,10
Oklahoma,OK,1996,10
Oklahoma,OK,1997,7
Oklahoma,OK,1998,17
Oklahoma,OK,1999,25
Oklahoma,OK,2000,35
Oklahoma,OK,2001,51
Oklahoma,OK,2002,28
Oklahoma,OK,2003,48
Oklahoma,OK,2004,33
Oklahoma,OK,2005,45
Oklahoma,OK,2006,34
Oklahoma,OK,2007,41
Oklahoma,OK,2008,57
Oklahoma,OK,2009,41
Oklahoma,OK,2010,36
Oklahoma,OK,2011,56
Oklahoma,OK,2012,94
Oklahoma,OK,2013,81
Oklahoma,OK,2014,94
Oklahoma,OK,2015,73
Oklahoma,OK,2016,45
Oklahoma,OK,2017,49
Oklahoma,OK,2018,41
Oklahoma,OK,2019,67
Oklahoma,OK,2020,89
Oklahoma,OK,2021,28
Oregon,OR,1965,4
Oregon,OR,1966,5
Oregon,OR,1967,7
Oregon,OR,1968,3
Oregon,OR,1969,4
Oregon,OR,1970,2
Oregon,OR,1971,2
Oregon,OR,1972,4
Oregon,OR,1973,3
Oregon,OR,1974,4
Oregon,OR,1975,2
Oregon,OR,1976,6
Oregon,OR,1977,6
Oregon,OR,1978,6
Oregon,OR,1979,5
Oregon,OR,1980,6
Oregon,OR,1981,8
Oregon,OR,1982,1
Oregon,OR,1983,3
Oregon,OR,1984,3
Oregon,OR,1985,6
Oregon,OR,1986,3
Oregon,OR,1987,5
Oregon,OR,1988,2
Oregon,OR,1989,7
Oregon,OR,1990,6
Oregon,OR,1991,5
Oregon,OR,1992,6
Oregon,OR,1993,4
Oregon,OR,1994,12
Oregon,OR,1995,74
Oregon,OR,1996,29
Oregon,OR,1997,37
Oregon,OR,1998,59
Oregon,OR,1999,106
Oregon,OR,2000,99
Oregon,OR,2001,115
Oregon,OR,2002,97
Oregon,OR,2003,94
Oregon,OR,2004,93
Oregon,OR,2005,107
Oregon,OR,2006,85
Oregon,OR,2007,113
Oregon,OR,2008,93
Oregon,OR,2009,80
Oregon,OR,2010,85
Oregon,OR,2011,116
Oregon,OR,2012,181
Oregon,OR,2013,189
Oregon,OR,2014,226
Oregon,OR,2015,215
Oregon,OR,2016,166
Oregon,OR,2017,127
Oregon,OR,2018,99
Oregon,OR,2019,133
Oregon,OR,2020,236
Oregon,OR,2021,82
Pennsylvania,PA,1965,22
Pennsylvania,PA,1966,14
Pennsylvania,PA,1967,8
Pennsylvania,PA,1968,10
Pennsylvania,PA,1969,11
Pennsylvania,PA,1970,5
Pennsylvania,PA,1971,5
Pennsylvania,PA,1972,6
Pennsylvania,PA,1973,15
Pennsylvania,PA,1974,9
Pennsylvania,PA,1975,15
Pennsylvania,PA,1976,14
Pennsylvania,PA,1977,12
Pennsylvania,PA,1978,19
Pennsylvania,PA,1979,12
Pennsylvania,PA,1980,6
Pennsylvania,PA,1981,5
Pennsylvania,PA,1982,7
Pennsylvania,PA,1983,5
Pennsylvania,PA,1984,8
Pennsylvania,PA,1985,9
Pennsylvania,PA,1986,5
Pennsylvania,PA,1987,3
Pennsylvania,PA,1988,12
Pennsylvania,PA,1989,7
Pennsylvania,PA,1990,7
Pennsylvania,PA,1991,10
Pennsylvania,PA,1992,12
Pennsylvania,PA,1993,8
Pennsylvania,PA,1994,15
Pennsylvania,PA,1995,41
Pennsylvania,PA,1996,37
Pennsylvania,PA,1997,40
Pennsylvania,PA,1998,48
Pennsylvania,PA,1999,72
Pennsylvania,PA,2000,73
Pennsylvania,PA,2001,78
Pennsylvania,PA,2002,135
Pennsylvania,PA,2003,88
Pennsylvania,PA,2004,137
Pennsylvania,PA,2005,106
Pennsylvania,PA,2006,131
Pennsylvania,PA,2007,152
Pennsylvania,PA,2008,192
Pennsylvania,PA,2009,167
Pennsylvania,PA,2010,171
Pennsylvania,PA,2011,188
Pennsylvania,PA,2012,296
Pennsylvania,PA,2013,307
Pennsylvania,PA,2014,381
Pennsylvania,PA,2015,244
Pennsylvania,PA,2016,201
Pennsylvania,PA,2017,177
Pennsylvania,PA,2018,94
Pennsylvania,PA,2019,236
Pennsylvania,PA,2020,314
Pennsylvania,PA,2021,109
Rhode Island,RI,1965,1
Rhode Island,RI,1966,1
Rhode Island,RI,1967,1
Rhode Island,RI,1968,1
Rhode Island,RI,1970,2
Rhode Island,RI,1971,1
Rhode Island,RI,1974,2
Rhode Island,RI,1975,3
Rhode Island,RI,1976,3
Rhode Island,RI,1977,3
Rhode Island,RI,1978,2
Rhode Island,RI,1979,2
Rhode Island,RI,1981,1
Rhode Island,RI,1982,3
Rhode Island,RI,1983,1
Rhode Island,RI,1987,1
Rhode Island,RI,1989,1
Rhode Island,RI,1990,1
Rhode Island,RI,1993,1
Rhode Island,RI,1995,3
Rhode Island,RI,1996,4
Rhode Island,RI,1997,5
Rhode Island,RI,1998,8
Rhode Island,RI,1999,5
Rhode Island,RI,2000,9
Rhode Island,RI,2001,10
Rhode Island,RI,2002,6
Rhode Island,RI,2003,11
Rhode Island,RI,2004,19
Rhode Island,RI,2005,16
Rhode Island,RI,2006,15
Rhode Island,RI,2007,14
Rhode Island,RI,2008,17
Rhode Island,RI,2009,18
Rhode Island,RI,2010,20
Rhode Island,RI,2011,20
Rhode Island,RI,2012,49
Rhode Island,RI,2013,37
Rhode Island,RI,2014,38
Rhode Island,RI,2015,48
Rhode Island,RI,2016,33
Rhode Island,RI,2017,29
Rhode Island,RI,2018,19
Rhode Island,RI,2019,33
Rhode Island,RI,2020,27
Rhode Island,RI,2021,12
South Carolina,SC,1965,2
South Carolina,SC,1966,1
South Carolina,SC,1967,3
South Carolina,SC,1968,3
South Carolina,SC,1969,5
South Carolina,SC,1970,1
South Carolina,SC,1971,3
South Carolina,SC,1972,4
South Carolina,SC,1973,2
South Carolina,SC,1974,4
South Carolina,SC,1975,8
South Carolina,SC,1976,2
South Carolina,SC,1977,4
South Carolina,SC,1978,4
South Carolina,SC,1979,4
South Carolina,SC,1980,1
South Carolina,SC,1981,3
South Carolina,SC,1982,2
South Carolina,SC,1983,3
South Carolina,SC,1984,2
South Carolina,SC,1985,3
South Carolina,SC,1986,4
South Carolina,SC,1988,5
South Carolina,SC,1989,3
South Carolina,SC,1990,3
South Carolina,SC,1991,6
South Carolina,SC,1992,3
South Carolina,SC,1993,4
South Carolina,SC,1994,2
South Carolina,SC,1995,11
South Carolina,SC,1996,6
South Carolina,SC,1997,11
South Carolina,SC,1998,26
South Carolina,SC,1999,13
South Carolina,SC,2000,15
South Carolina,SC,2001,22
South Carolina,SC,2002,28
South Carolina,SC,2003,63
South Carolina,SC,2004,47
South Carolina,SC,2005,51
South Carolina,SC,2006,37
South Carolina,SC,2007,78
South Carolina,SC,2008,46
South Carolina,SC,2009,68
South Carolina,SC,2010,70
South Carolina,SC,2011,117
South Carolina,SC,2012,186
South Carolina,SC,2013,159
South Carolina,SC,2014,260
South Carolina,SC,2015,109
South Carolina,SC,2016,97
South Carolina,SC,2017,110
South Carolina,SC,2018,78
South Carolina,SC,2019,115
South Carolina,SC,2020,115
South Carolina,SC,2021,34
South Dakota,SD,1966,3
South Dakota,SD,1968,5
South Dakota,SD,1972,1
South Dakota,SD,1973,1
South Dakota,SD,1976,2
South Dakota,SD,1978,1
South Dakota,SD,1979,1
South Dakota,SD,1981,1
South Dakota,SD,1983,1
South Dakota,SD,1984,1
South Dakota,SD,1987,1
South Dakota,SD,1992,2
South Dakota,SD,1993,1
South Dakota,SD,1994,5
South Dakota,SD,1995,7
South Dakota,SD,1996,2
South Dakota,SD,1997,4
South Dakota,SD,1998,7
South Dakota,SD,1999,3
South Dakota,SD,2000,7
South Dakota,SD,2001,6
South Dakota,SD,2002,8
South Dakota,SD,2003,8
South Dakota,SD,2004,13
South Dakota,SD,2005,8
South Dakota,SD,2006,7
South Dakota,SD,2007,14
South Dakota,SD,2008,8
South Dakota,SD,2009,13
South Dakota,SD,2010,14
South Dakota,SD,2011,17
South Dakota,SD,2012,27
South Dakota,SD,2013,20
South Dakota,SD,2014,21
South Dakota,SD,2015,17
South Dakota,SD,2016,23
South Dakota,SD,2017,18
South Dakota,SD,2018,11
South Dakota,SD,2019,15
South Dakota,SD,2020,16
South Dakota,SD,2021,4
Tennessee,TN,1967,5
Tennessee,TN,1968,2
Tennessee,TN,1969,2
Tennessee,TN,1970,3
Tennessee,TN,1971,1
Tennessee,TN,1972,3
Tennessee,TN,1973,6
Tennessee,TN,1974,4
Tennessee,TN,1975,3
Tennessee,TN,1976,5
Tennessee,TN,1977,2
Tennessee,TN,1978,9
Tennessee,TN,1979,2
Tennessee,TN,1980,7
Tennessee,TN,1981,2
Tennessee,TN,1982,6
Tennessee,TN,1984,2
Tennessee,TN,1985,2
Tennessee,TN,1986,4
Tennessee,TN,1987,2
Tennessee,TN,1989,6
Tennessee,TN,1990,5
Tennessee,TN,1991,5
Tennessee,TN,1992,4
Tennessee,TN,1993,5
Tennessee,TN,1994,9
Tennessee,TN,1995,27
Tennessee,TN,1996,13
Tennessee,TN,1997,13
Tennessee,TN,1998,30
Tennessee,TN,1999,58
Tennessee,TN,2000,40
Tennessee,TN,2001,46
Tennessee,TN,2002,52
Tennessee,TN,2003,50
Tennessee,TN,2004,81
Tennessee,TN,2005,51
Tennessee,TN,2006,61
Tennessee,TN,2007,64
Tennessee,TN,2008,102
Tennessee,TN,2009,72
Tennessee,TN,2010,72
Tennessee,TN,2011,100
Tennessee,TN,2012,128
Tennessee,TN,2013,125
Tennessee,TN,2014,149
Tennessee,TN,2015,109
Tennessee,TN,2016,114
Tennessee,TN,2017,94
Tennessee,TN,2018,49
Tennessee,TN,2019,129
Tennessee,TN,2020,104
Tennessee,TN,2021,39
Texas,TX,1965,11
Texas,TX,1966,12
Texas,TX,1967,11
Texas,TX,1968,16
Texas,TX,1969,9
Texas,TX,1970,9
Texas,TX,1971,8
Texas,TX,1972,17
Texas,TX,1973,24
Texas,TX,1974,13
Texas,TX,1975,21
Texas,TX,1976,19
Texas,TX,1977,16
Texas,TX,1978,25
Texas,TX,1979,14
Texas,TX,1980,16
Texas,TX,1981,8
Texas,TX,1982,9
Texas,TX,1983,10
Texas,TX,1984,15
Texas,TX,1985,17
Texas,TX,1986,14
Texas,TX,1987,16
Texas,TX,1988,15
Texas,TX,1989,15
Texas,TX,1990,15
Texas,TX,1991,17
Texas,TX,1992,19
Texas,TX,1993,19
Texas,TX,1994,15
Texas,TX,1995,48
Texas,TX,1996,47
Texas,TX,1997,76
Texas,TX,1998,99
Texas,TX,1999,148
Texas,TX,2000,148
Texas,TX,2001,140
Texas,TX,2002,175
Texas,TX,2003,190
Texas,TX,2004,203
Texas,TX,2005,218
Texas,TX,2006,231
Texas,TX,2007,213
Texas,TX,2008,367
Texas,TX,2009,266
Texas,TX,2010,226
Texas,TX,2011,267
Texas,TX,2012,265
Texas,TX,2013,248
Texas,TX,2014,309
Texas,TX,2015,184
Texas,TX,2016,159
Texas,TX,2017,126
Texas,TX,2018,89
Texas,TX,2019,235
Texas,TX,2020,297
Texas,TX,2021,107
Utah,UT,1965,1
Utah,UT,1967,1
Utah,UT,1968,3
Utah,UT,1969,1
Utah,UT,1970,1
Utah,UT,1972,3
Utah,UT,1973,4
Utah,UT,1974,2
Utah,UT,1975,2
Utah,UT,1976,2
Utah,UT,1977,1
Utah,UT,1978,2
Utah,UT,1979,1
Utah,UT,1980,5
Utah,UT,1981,2
Utah,UT,1982,3
Utah,UT,1983,1
Utah,UT,1984,3
Utah,UT,1985,2
Utah,UT,1986,1
Utah,UT,1987,2
Utah,UT,1988,1
Utah,UT,1989,3
Utah,UT,1990,2
Utah,UT,1991,1
Utah,UT,1992,3
Utah,UT,1993,2
Utah,UT,1994,4
Utah,UT,1995,15
Utah,UT,1996,8
Utah,UT,1997,23
Utah,UT,1998,21
Utah,UT,1999,32
Utah,UT,2000,35
Utah,UT,2001,25
Utah,UT,2002,43
Utah,UT,2003,43
Utah,UT,2004,26
Utah,UT,2005,30
Utah,UT,2006,23
Utah,UT,2007,36
Utah,UT,2008,29
Utah,UT,2009,36
Utah,UT,2010,41
Utah,UT,2011,57
Utah,UT,2012,112
Utah,UT,2013,94
Utah,UT,2014,79
Utah,UT,2015,78
Utah,UT,2016,92
Utah,UT,2017,72
Utah,UT,2018,59
Utah,UT,2019,81
Utah,UT,2020,108
Utah,UT,2021,27
Vermont,VT,1969,1
Vermont,VT,1970,2
Vermont,VT,1974,1
Vermont,VT,1975,1
Vermont,VT,1976,2
Vermont,VT,1977,3
Vermont,VT,1979,2
Vermont,VT,1980,1
Vermont,VT,1981,1
Vermont,VT,1982,1
Vermont,VT,1983,2
Vermont,VT,1985,1
Vermont,VT,1987,2
Vermont,VT,1988,2
Vermont,VT,1989,1
Vermont,VT,1992,1
Vermont,VT,1993,2
Vermont,VT,1994,1
Vermont,VT,1995,2
Vermont,VT,1996,1
Vermont,VT,1997,3
Vermont,VT,1998,3
Vermont,VT,1999,5
Vermont,VT,2000,7
Vermont,VT,2001,10
Vermont,VT,2002,14
Vermont,VT,2003,8
Vermont,VT,2004,9
Vermont,VT,2005,16
Vermont,VT,2006,11
Vermont,VT,2007,22
Vermont,VT,2008,15
Vermont,VT,2009,23
Vermont,VT,2010,13
Vermont,VT,2011,23
Vermont,VT,2012,57
Vermont,VT,2013,66
Vermont,VT,2014,37
Vermont,VT,2015,47
Vermont,VT,2016,23
Vermont,VT,2017,19
Vermont,VT,2018,22
Vermont,VT,2019,22
Vermont,VT,2020,35
Vermont,VT,2021,12
Virginia,VA,1965,6
Virginia,VA,1966,2
Virginia,VA,1968,4
Virginia,VA,1969,2
Virginia,VA,1970,3
Virginia,VA,1971,1
Virginia,VA,1972,2
Virginia,VA,1973,5
Virginia,VA,1974,5
Virginia,VA,1975,10
Virginia,VA,1976,7
Virginia,VA,1977,2
Virginia,VA,1978,3
Virginia,VA,1979,5
Virginia,VA,1980,7
Virginia,VA,1981,2
Virginia,VA,1982,5
Virginia,VA,1983,8
Virginia,VA,1984,5
Virginia,VA,1985,6
Virginia,VA,1986,5
Virginia,VA,1987,2
Virginia,VA,1988,5
Virginia,VA,1989,7
Virginia,VA,1990,5
Virginia,VA,1991,2
Virginia,VA,1992,8
Virginia,VA,1993,7
Virginia,VA,1994,7
Virginia,VA,1995,26
Virginia,VA,1996,15
Virginia,VA,1997,23
Virginia,VA,1998,31
Virginia,VA,1999,38
Virginia,VA,2000,26
Virginia,VA,2001,63
Virginia,VA,2002,65
Virginia,VA,2003,67
Virginia,VA,2004,55
Virginia,VA,2005,75
Virginia,VA,2006,68
Virginia,VA,2007,71
Virginia,VA,2008,100
Virginia,VA,2009,82
Virginia,VA,2010,77
Virginia,VA,2011,102
Virginia,VA,2012,150
Virginia,VA,2013,205
Virginia,VA,2014,184
Virginia,VA,2015,150
Virginia,VA,2016,118
Virginia,VA,2017,104
Virginia,VA,2018,74
Virginia,VA,2019,195
Virginia,VA,2020,106
Virginia,VA,2021,43
Washington,WA,1965,5
Washington,WA,1966,14
Washington,WA,1967,10
Washington,WA,1968,8
Washington,WA,1969,5
Washington,WA,1970,3
Washington,WA,1971,11
Washington,WA,1972,6
Washington,WA,1973,9
Washington,WA,1974,14
Washington,WA,1975,16
Washington,WA,1976,13
Washington,WA,1977,7
Washington,WA,1978,15
Washington,WA,1979,10
Washington,WA,1980,15
Washington,WA,1981,6
Washington,WA,1982,10
Washington,WA,1983,3
Washington,WA,1984,4
Washington,WA,1985,7
Washington,WA,1986,7
Washington,WA,1987,6
Washington,WA,1988,11
Washington,WA,1989,8
Washington,WA,1990,10
Washington,WA,1991,7
Washington,WA,1992,12
Washington,WA,1993,21
Washington,WA,1994,24
Washington,WA,1995,252
Washington,WA,1996,115
Washington,WA,1997,89
Washington,WA,1998,147
Washington,WA,1999,237
Washington,WA,2000,202
Washington,WA,2001,218
Washington,WA,2002,213
Washington,WA,2003,245
Washington,WA,2004,248
Washington,WA,2005,192
Washington,WA,2006,178
Washington,WA,2007,221
Washington,WA,2008,200
Washington,WA,2009,232
Washington,WA,2010,274
Washington,WA,2011,304
Washington,WA,2012,427
Washington,WA,2013,321
Washington,WA,2014,372
Washington,WA,2015,275
Washington,WA,2016,229
Washington,WA,2017,205
Washington,WA,2018,173
Washington,WA,2019,237
Washington,WA,2020,371
Washington,WA,2021,163
West Virginia,WV,1965,2
West Virginia,WV,1966,4
West Virginia,WV,1967,2
West Virginia,WV,1968,2
West Virginia,WV,1971,4
West Virginia,WV,1973,2
West Virginia,WV,1974,3
West Virginia,WV,1975,2
West Virginia,WV,1976,1
West Virginia,WV,1977,1
West Virginia,WV,1978,2
West Virginia,WV,1979,4
West Virginia,WV,1980,3
West Virginia,WV,1982,3
West Virginia,WV,1983,2
West Virginia,WV,1984,1
West Virginia,WV,1985,3
West Virginia,WV,1986,3
West Virginia,WV,1987,1
West Virginia,WV,1988,3
West Virginia,WV,1989,4
West Virginia,WV,1992,2
West Virginia,WV,1994,2
West Virginia,WV,1995,5
West Virginia,WV,1996,8
West Virginia,WV,1997,9
West Virginia,WV,1998,10
West Virginia,WV,1999,28
West Virginia,WV,2000,12
West Virginia,WV,2001,23
West Virginia,WV,2002,25
West Virginia,WV,2003,18
West Virginia,WV,2004,25
West Virginia,WV,2005,24
West Virginia,WV,2006,17
West Virginia,WV,2007,26
West Virginia,WV,2008,32
West Virginia,WV,2009,39
West Virginia,WV,2010,21
West Virginia,WV,2011,30
West Virginia,WV,2012,63
West Virginia,WV,2013,58
West Virginia,WV,2014,63
West Virginia,WV,2015,55
West Virginia,WV,2016,31
West Virginia,WV,2017,23
West Virginia,WV,2018,15
West Virginia,WV,2019,40
West Virginia,WV,2020,48
West Virginia,WV,2021,14
Wisconsin,WI,1965,4
Wisconsin,WI,1966,2
Wisconsin,WI,1967,5
Wisconsin,WI,1968,2
Wisconsin,WI,1971,2
Wisconsin,WI,1972,3
Wisconsin,WI,1973,7
Wisconsin,WI,1974,5
Wisconsin,WI,1975,10
Wisconsin,WI,1976,5
Wisconsin,WI,1977,5
Wisconsin,WI,1978,2
Wisconsin,WI,1979,4
Wisconsin,WI,1980,4
Wisconsin,WI,1981,2
Wisconsin,WI,1982,4
Wisconsin,WI,1983,3
Wisconsin,WI,1984,5
Wisconsin,WI,1985,6
Wisconsin,WI,1986,1
Wisconsin,WI,1987,12
Wisconsin,WI,1988,5
Wisconsin,WI,1989,5
Wisconsin,WI,1990,11
Wisconsin,WI,1991,3
Wisconsin,WI,1992,6
Wisconsin,WI,1993,9
Wisconsin,WI,1994,6
Wisconsin,WI,1995,24
Wisconsin,WI,1996,16
Wisconsin,WI,1997,21
Wisconsin,WI,1998,37
Wisconsin,WI,1999,79
Wisconsin,WI,2000,52
Wisconsin,WI,2001,84
Wisconsin,WI,2002,50
Wisconsin,WI,2003,66
Wisconsin,WI,2004,53
Wisconsin,WI,2005,66
Wisconsin,WI,2006,39
Wisconsin,WI,2007,60
Wisconsin,WI,2008,69
Wisconsin,WI,2009,63
Wisconsin,WI,2010,65
Wisconsin,WI,2011,115
Wisconsin,WI,2012,158
Wisconsin,WI,2013,179
Wisconsin,WI,2014,147
Wisconsin,WI,2015,130
Wisconsin,WI,2016,121
Wisconsin,WI,2017,88
Wisconsin,WI,2018,42
Wisconsin,WI,2019,136
Wisconsin,WI,2020,136
Wisconsin,WI,2021,31
Wyoming,WY,1965,1
Wyoming,WY,1966,1
Wyoming,WY,1967,2
Wyoming,WY,1970,1
Wyoming,WY,1972,1
Wyoming,WY,1973,1
Wyoming,WY,1975,1
Wyoming,WY,1976,2
Wyoming,WY,1978,1
Wyoming,WY,1980,1
Wyoming,WY,1983,1
Wyoming,WY,1984,1
Wyoming,WY,1985,2
Wyoming,WY,1987,2
Wyoming,WY,1989,3
Wyoming,WY,1992,1
Wyoming,WY,1993,4
Wyoming,WY,1994,4
Wyoming,WY,1995,1
Wyoming,WY,1996,3
Wyoming,WY,1997,2
Wyoming,WY,1998,9
Wyoming,WY,1999,14
Wyoming,WY,2000,7
Wyoming,WY,2001,17
Wyoming,WY,2002,16
Wyoming,WY,2003,9
Wyoming,WY,2004,6
Wyoming,WY,2005,12
Wyoming,WY,2006,11
Wyoming,WY,2007,9
Wyoming,WY,2008,12
Wyoming,WY,2009,5
Wyoming,WY,2010,13
Wyoming,WY,2011,21
Wyoming,WY,2012,14
Wyoming,WY,2013,18
Wyoming,WY,2014,21
Wyoming,WY,2015,20
Wyoming,WY,2016,16
Wyoming,WY,2017,19
Wyoming,WY,2018,15
Wyoming,WY,2019,21
Wyoming,WY,2020,27
Wyoming,WY,2021,3
